Pay Rafael,best employee ever,10000,bills,2024-10-01
Pay Rafael,best employee ever,10000,bills,2024-09-01
Pay Rafael,best employee ever,10000,bills,2024-08-01
Pay Rafael,best employee ever,10000,bills,2024-07-01
Pay Rafael,best employee ever,10000,bills,2024-06-01
Pay Rafael,best employee ever,10000,bills,2024-05-01
Pay Rafael,best employee ever,10000,bills,2024-04-01
Pay Rafael,best employee ever,10000,bills,2024-03-01
Pay Rafael,best employee ever,10000,bills,2024-02-01
Pay Rafael,best employee ever,10000,bills,2024-01-01
